TARGET_ID,COHORT,TOT_SER,MSG,CAL,RESP,LYLTY_TAG,COMP,FAULTS,SRVC_TNRE,LABEL
1,1,SINGLE,NO_M,NO_C,N,UNKNOWN,NO,NO_F,36+ MONTHS,YES
4,2,SINGLE,NO_M,SINGLE_C,N,GOLD,NO,NO_F,36 MONTHS,YES
5,3,SINGLE,NO_M,MULTI_C,N,UNKNOWN,NO,NO_F,36+ MONTHS,NO
7,1,SINGLE,NO_M,NO_C,N,UNKNOWN,NO,NO_F,36+ MONTHS,YES
8,3,SINGLE,NO_M,NO_C,N,UNKNOWN,NO,NO_F,36+ MONTHS,NO
9,3,SINGLE,NO_M,NO_C,N,UNKNOWN,NO,NO_F,36+ MONTHS,NO
11,1,SINGLE,NO_M,NO_C,N,UNKNOWN,NO,NO_F,36+ MONTHS,YES
13,3,SINGLE,NO_M,MULTI_C,N,UNKNOWN,NO,NO_F,36+ MONTHS,NO
16,3,MULTI,NO_M,NO_C,N,UNKNOWN,NO,NO_F,36+ MONTHS,NO
18,3,MULTI,NO_M,NO_C,N,UNKNOWN,NO,NO_F,36+ MONTHS,NO
19,3,MULTI,NO_M,SINGLE_C,N,UNKNOWN,NO,SINGLE_F,36+ MONTHS,NO
23,3,MULTI,NO_M,SINGLE_C,N,UNKNOWN,NO,MULTI_F,36+ MONTHS,NO
24,3,SINGLE,NO_M,NO_C,N,MEMBER,NO,NO_F,36+ MONTHS,NO
28,3,MULTI,NO_M,NO_C,N,UNKNOWN,NO,NO_F,36+ MONTHS,NO
30,2,SINGLE,SINGLE_M,SINGLE_C,N,UNKNOWN,NO,NO_F,36+ MONTHS,YES
31,2,SINGLE,NO_M,NO_C,N,GOLD,NO,NO_F,36+ MONTHS,YES
32,3,MULTI,NO_M,NO_C,N,SILVER,NO,NO_F,24 MONTHS,NO
34,3,MULTI,NO_M,NO_C,N,SILVER,NO,NO_F,36+ MONTHS,NO
37,3,SINGLE,NO_M,NO_C,N,UNKNOWN,NO,NO_F,36+ MONTHS,NO
40,3,SINGLE,NO_M,NO_C,ADV,SILVER,NO,NO_F,36+ MONTHS,NO
41,3,MULTI,NO_M,NO_C,N,UNKNOWN,NO,NO_F,36+ MONTHS,NO
42,1,MULTI,NO_M,MULTI_C,N,GOLD,YES,NO_F,36+ MONTHS,YES
43,1,MULTI,NO_M,MULTI_C,N,UNKNOWN,NO,NO_F,36+ MONTHS,YES
46,1,MULTI,MULTI_M,NO_C,N,SILVER,NO,NO_F,36+ MONTHS,YES
47,2,SINGLE,NO_M,NO_C,N,GOLD,NO,NO_F,36+ MONTHS,YES
48,3,MULTI,NO_M,NO_C,N,SILVER,NO,NO_F,24 MONTHS,NO
49,3,MULTI,NO_M,MULTI_C,N,SILVER,NO,SINGLE_F,12 MONTHS,NO
50,3,MULTI,NO_M,NO_C,N,BUSINESS,NO,NO_F,36+ MONTHS,NO
53,3,MULTI,NO_M,NO_C,N,UNKNOWN,NO,NO_F,36+ MONTHS,NO
54,1,SINGLE,NO_M,NO_C,N,SILVER,NO,NO_F,36+ MONTHS,YES
55,1,SINGLE,NO_M,NO_C,N,UNKNOWN,NO,NO_F,36+ MONTHS,YES
56,3,SINGLE,NO_M,MULTI_C,PASS,MEMBER,NO,NO_F,36+ MONTHS,NO
57,3,MULTI,NO_M,NO_C,N,SILVER,YES,NO_F,36+ MONTHS,NO
58,3,MULTI,SINGLE_M,MULTI_C,N,GOLD,NO,MULTI_F,36+ MONTHS,NO
60,3,MULTI,NO_M,NO_C,N,SILVER,NO,NO_F,36+ MONTHS,NO
61,3,MULTI,NO_M,NO_C,N,GOLD,NO,NO_F,36+ MONTHS,NO
62,1,SINGLE,NO_M,NO_C,N,MEMBER,YES,NO_F,36+ MONTHS,YES
64,3,MULTI,NO_M,NO_C,N,SILVER,NO,NO_F,36+ MONTHS,NO
65,3,MULTI,NO_M,NO_C,N,UNKNOWN,NO,NO_F,36+ MONTHS,NO
66,1,MULTI,NO_M,MULTI_C,N,SILVER,NO,MULTI_F,36+ MONTHS,YES
66,1,MULTI,NO_M,MULTI_C,N,SILVER,NO,SINGLE_F,36+ MONTHS,YES
73,3,MULTI,NO_M,MULTI_C,N,SILVER,NO,MULTI_F,30 MONTHS,NO
74,3,MULTI,NO_M,NO_C,N,SILVER,NO,NO_F,36+ MONTHS,NO
76,3,MULTI,NO_M,NO_C,N,SILVER,NO,NO_F,36+ MONTHS,NO
77,3,MULTI,NO_M,NO_C,N,BUSINESS,NO,NO_F,36+ MONTHS,NO
78,1,MULTI,NO_M,NO_C,N,GOLD,NO,NO_F,36+ MONTHS,YES
79,3,SINGLE,NO_M,NO_C,DET,UNKNOWN,NO,NO_F,36+ MONTHS,NO
80,1,SINGLE,SINGLE_M,NO_C,N,GOLD,NO,NO_F,36+ MONTHS,YES
81,1,SINGLE,NO_M,SINGLE_C,N,UNKNOWN,NO,NO_F,36+ MONTHS,YES
82,3,MULTI,NO_M,MULTI_C,N,GOLD,NO,MULTI_F,36+ MONTHS,NO
84,3,MULTI,NO_M,SINGLE_C,N,UNKNOWN,NO,SINGLE_F,36+ MONTHS,NO
85,1,MULTI,NO_M,MULTI_C,N,MEMBER,NO,NO_F,6 MONTHS,YES
87,3,MULTI,NO_M,SINGLE_C,N,GOLD,NO,NO_F,36+ MONTHS,NO
88,3,MULTI,NO_M,NO_C,N,MEMBER,NO,NO_F,30 MONTHS,NO
90,1,MULTI,NO_M,NO_C,N,SILVER,NO,NO_F,36+ MONTHS,YES
91,2,SINGLE,MULTI_M,NO_C,N,GOLD,NO,NO_F,36+ MONTHS,YES
93,3,MULTI,NO_M,SINGLE_C,N,SILVER,NO,NO_F,36+ MONTHS,NO
94,1,MULTI,NO_M,NO_C,N,SILVER,NO,NO_F,36+ MONTHS,YES
97,3,MULTI,NO_M,NO_C,ADV,GOLD,NO,NO_F,36+ MONTHS,NO
98,2,MULTI,NO_M,NO_C,N,GOLD,NO,NO_F,36+ MONTHS,YES
99,2,SINGLE,NO_M,NO_C,N,SILVER,NO,NO_F,18 MONTHS,YES
101,1,MULTI,NO_M,NO_C,N,SILVER,NO,NO_F,18 MONTHS,YES
102,3,MULTI,SINGLE_M,SINGLE_C,N,GOLD,NO,MULTI_F,36+ MONTHS,NO
104,3,MULTI,NO_M,NO_C,N,SILVER,NO,NO_F,36+ MONTHS,NO
106,3,MULTI,NO_M,NO_C,PASS,UNKNOWN,NO,NO_F,36+ MONTHS,NO
107,2,SINGLE,NO_M,NO_C,N,SILVER,NO,NO_F,36+ MONTHS,YES
109,2,SINGLE,NO_M,SINGLE_C,N,SILVER,NO,NO_F,36 MONTHS,YES
110,2,SINGLE,SINGLE_M,NO_C,N,SILVER,NO,NO_F,36+ MONTHS,YES
111,3,MULTI,NO_M,NO_C,N,UNKNOWN,NO,NO_F,36+ MONTHS,NO
112,3,MULTI,NO_M,NO_C,N,SILVER,NO,NO_F,36+ MONTHS,NO
113,1,MULTI,NO_M,NO_C,N,SILVER,NO,NO_F,36+ MONTHS,YES
114,3,MULTI,NO_M,NO_C,N,GOLD,NO,NO_F,36+ MONTHS,NO
115,3,SINGLE,NO_M,NO_C,N,UNKNOWN,NO,NO_F,36+ MONTHS,NO
116,3,MULTI,NO_M,NO_C,N,GOLD,NO,NO_F,36+ MONTHS,NO
118,3,MULTI,NO_M,NO_C,ADV,MEMBER,NO,NO_F,12 MONTHS,NO
119,1,MULTI,NO_M,SINGLE_C,N,BUSINESS,NO,NO_F,36+ MONTHS,YES
120,3,MULTI,NO_M,NO_C,N,UNKNOWN,NO,NO_F,36+ MONTHS,NO
121,2,SINGLE,NO_M,NO_C,N,UNKNOWN,NO,NO_F,36+ MONTHS,YES
122,3,MULTI,NO_M,NO_C,N,GOLD,NO,NO_F,36+ MONTHS,NO
123,1,MULTI,NO_M,MULTI_C,N,UNKNOWN,NO,SINGLE_F,36+ MONTHS,YES
125,3,MULTI,NO_M,NO_C,N,UNKNOWN,NO,SINGLE_F,36+ MONTHS,NO
127,1,SINGLE,NO_M,MULTI_C,N,UNKNOWN,NO,NO_F,36+ MONTHS,YES
129,3,MULTI,NO_M,MULTI_C,N,GOLD,NO,NO_F,36+ MONTHS,NO
130,3,MULTI,NO_M,NO_C,N,SILVER,NO,NO_F,36+ MONTHS,NO
134,1,MULTI,NO_M,NO_C,N,SILVER,NO,NO_F,36+ MONTHS,YES
136,1,MULTI,NO_M,NO_C,N,UNKNOWN,NO,NO_F,36 MONTHS,YES
137,3,MULTI,NO_M,SINGLE_C,N,UNKNOWN,NO,NO_F,36+ MONTHS,NO
139,3,MULTI,MULTI_M,NO_C,N,SILVER,NO,NO_F,36+ MONTHS,NO
140,3,MULTI,NO_M,NO_C,N,UNKNOWN,NO,NO_F,36+ MONTHS,NO
141,3,MULTI,NO_M,MULTI_C,N,MEMBER,NO,MULTI_F,36+ MONTHS,NO
142,3,MULTI,NO_M,MULTI_C,N,SILVER,NO,SINGLE_F,36+ MONTHS,NO
144,3,SINGLE,NO_M,SINGLE_C,N,GOLD,YES,NO_F,36+ MONTHS,NO
145,3,MULTI,NO_M,NO_C,N,GOLD,NO,NO_F,36+ MONTHS,NO
148,3,MULTI,NO_M,MULTI_C,N,SILVER,NO,NO_F,12 MONTHS,NO
149,2,MULTI,NO_M,NO_C,N,UNKNOWN,NO,NO_F,36+ MONTHS,YES
151,3,MULTI,NO_M,NO_C,N,UNKNOWN,NO,NO_F,36+ MONTHS,NO
152,3,MULTI,NO_M,SINGLE_C,N,GOLD,NO,MULTI_F,36+ MONTHS,NO
153,1,SINGLE,NO_M,NO_C,N,UNKNOWN,NO,NO_F,36+ MONTHS,YES
154,1,MULTI,NO_M,NO_C,N,UNKNOWN,NO,NO_F,30 MONTHS,YES
155,2,SINGLE,MULTI_M,NO_C,N,UNKNOWN,NO,NO_F,36+ MONTHS,YES
156,3,MULTI,NO_M,NO_C,N,UNKNOWN,NO,NO_F,18 MONTHS,NO
158,2,MULTI,NO_M,SINGLE_C,N,UNKNOWN,NO,NO_F,36+ MONTHS,YES
159,3,MULTI,NO_M,NO_C,N,UNKNOWN,NO,NO_F,36+ MONTHS,NO
160,3,MULTI,NO_M,NO_C,N,UNKNOWN,NO,SINGLE_F,36+ MONTHS,NO
161,2,SINGLE,SINGLE_M,MULTI_C,N,UNKNOWN,NO,NO_F,36+ MONTHS,YES
162,1,MULTI,SINGLE_M,NO_C,N,SILVER,NO,NO_F,30 MONTHS,YES
164,3,MULTI,NO_M,NO_C,ADV,SILVER,NO,NO_F,12 MONTHS,NO
165,3,MULTI,MULTI_M,NO_C,N,SILVER,NO,NO_F,36+ MONTHS,NO
166,1,MULTI,NO_M,MULTI_C,ADV,GOLD,NO,NO_F,12 MONTHS,YES
167,3,MULTI,NO_M,NO_C,N,UNKNOWN,NO,NO_F,36+ MONTHS,NO
169,1,MULTI,NO_M,MULTI_C,N,MEMBER,NO,SINGLE_F,12 MONTHS,YES
170,3,MULTI,MULTI_M,NO_C,N,UNKNOWN,NO,SINGLE_F,36+ MONTHS,NO
173,3,MULTI,NO_M,MULTI_C,N,GOLD,NO,NO_F,36+ MONTHS,NO
174,3,MULTI,NO_M,NO_C,N,UNKNOWN,NO,NO_F,36+ MONTHS,NO
175,1,MULTI,MULTI_M,NO_C,N,UNKNOWN,NO,NO_F,36+ MONTHS,YES
176,2,SINGLE,NO_M,SINGLE_C,N,MEMBER,NO,NO_F,36+ MONTHS,YES
180,3,MULTI,NO_M,NO_C,N,GOLD,NO,NO_F,36 MONTHS,NO
181,1,MULTI,NO_M,NO_C,N,SILVER,NO,NO_F,36+ MONTHS,YES
182,1,MULTI,SINGLE_M,NO_C,N,UNKNOWN,NO,NO_F,36+ MONTHS,YES
184,3,MULTI,NO_M,NO_C,N,UNKNOWN,NO,NO_F,18 MONTHS,NO
185,1,MULTI,MULTI_M,NO_C,N,UNKNOWN,NO,NO_F,36+ MONTHS,YES
186,1,MULTI,MULTI_M,SINGLE_C,ADV,GOLD,NO,NO_F,30 MONTHS,YES
188,3,MULTI,NO_M,NO_C,N,UNKNOWN,NO,NO_F,36+ MONTHS,NO
189,1,MULTI,NO_M,NO_C,N,UNKNOWN,NO,NO_F,36+ MONTHS,YES
191,1,MULTI,NO_M,NO_C,N,GOLD,NO,NO_F,36+ MONTHS,YES
192,3,MULTI,NO_M,NO_C,PASS,GOLD,NO,NO_F,36+ MONTHS,NO
193,2,MULTI,SINGLE_M,MULTI_C,N,GOLD,NO,SINGLE_F,12 MONTHS,YES
195,2,SINGLE,NO_M,NO_C,N,GOLD,NO,NO_F,36+ MONTHS,YES
197,2,SINGLE,NO_M,NO_C,N,UNKNOWN,NO,NO_F,30 MONTHS,YES
199,1,SINGLE,NO_M,NO_C,N,UNKNOWN,NO,NO_F,36+ MONTHS,YES
200,3,MULTI,NO_M,NO_C,N,UNKNOWN,NO,NO_F,36 MONTHS,NO
201,2,MULTI,NO_M,NO_C,N,UNKNOWN,NO,NO_F,18 MONTHS,YES
201,2,MULTI,NO_M,NO_C,N,UNKNOWN,NO,NO_F,36 MONTHS,YES
202,1,MULTI,SINGLE_M,NO_C,N,UNKNOWN,NO,NO_F,36 MONTHS,YES
204,3,MULTI,NO_M,NO_C,N,GOLD,NO,NO_F,12 MONTHS,NO
205,3,MULTI,NO_M,MULTI_C,N,UNKNOWN,NO,NO_F,18 MONTHS,NO
207,3,MULTI,NO_M,NO_C,N,SILVER,NO,NO_F,24 MONTHS,NO
209,3,MULTI,NO_M,NO_C,ADV,UNKNOWN,NO,NO_F,12 MONTHS,NO
210,1,MULTI,NO_M,NO_C,N,UNKNOWN,NO,NO_F,12 MONTHS,YES
211,3,MULTI,NO_M,NO_C,N,UNKNOWN,NO,NO_F,18 MONTHS,NO
212,1,MULTI,MULTI_M,NO_C,N,UNKNOWN,NO,NO_F,12 MONTHS,YES
213,2,MULTI,MULTI_M,MULTI_C,N,SILVER,YES,NO_F,12 MONTHS,YES
213,2,MULTI,MULTI_M,MULTI_C,N,SILVER,YES,NO_F,6 MONTHS,YES
